"Jugador";"Tarjetas_amarillas";"Tarjetas_rojas";"Minutos_totales";"tarjetas_recibidas";"tarjetas_por_minuto"
"Lucas Vázquez";1;0;202;1;0.00495049504950495
"Eduardo Camavinga";3;0;721;3;0.00416088765603329
"Éder Militão";3;0;747;3;0.00401606425702811
"Dani Carvajal";3;0;869;3;0.00345224395857307
"Ferland Mendy";1;0;347;1;0.00288184438040346
"Toni Kroos";2;0;842;2;0.00237529691211401
"Vinicius Júnior";1;0;972;1;0.00102880658436214
"Promedio";NA;NA;4700;14;0.00297872340425532
